<?xml version="1.0" encoding="utf-8" standalone="yes"?>
<rss version="2.0" xmlns:atom="http://www.w3.org/2005/Atom">
  <channel>
    <title>Categories on Airspace | Creative Agency Hugo Template</title>
    <link>/it/categories/</link>
    <description>Recent content in Categories on Airspace | Creative Agency Hugo Template</description>
    <generator>Hugo -- gohugo.io</generator>
    <language>it-IT</language>
    <lastBuildDate>Thu, 01 Apr 2021 00:00:00 +0100</lastBuildDate><atom:link href="/it/categories/index.xml" rel="self" type="application/rss+xml" />
    <item>
      <title>Technical Assistance</title>
      <link>/it/categories/technical-assistance/</link>
      <pubDate>Thu, 01 Apr 2021 00:00:00 +0100</pubDate>
      
      <guid>/it/categories/technical-assistance/</guid>
      <description></description>
    </item>
    
    <item>
      <title>Artificial Intelligence</title>
      <link>/it/categories/artificial-intelligence/</link>
      <pubDate>Mon, 24 Sep 2018 11:07:10 +0600</pubDate>
      
      <guid>/it/categories/artificial-intelligence/</guid>
      <description></description>
    </item>
    
    <item>
      <title>Company News</title>
      <link>/it/categories/company-news/</link>
      <pubDate>Mon, 24 Sep 2018 11:07:10 +0600</pubDate>
      
      <guid>/it/categories/company-news/</guid>
      <description></description>
    </item>
    
    <item>
      <title>Legacy Support</title>
      <link>/it/categories/legacy-support/</link>
      <pubDate>Mon, 24 Sep 2018 11:07:10 +0600</pubDate>
      
      <guid>/it/categories/legacy-support/</guid>
      <description></description>
    </item>
    
  </channel>
</rss>
