<?xml version="1.0" encoding="utf-8" standalone="yes"?>
<rss version="2.0" xmlns:atom="http://www.w3.org/2005/Atom">
  <channel>
    <title>Company News on Airspace | Creative Agency Hugo Template</title>
    <link>/it/categories/company-news/</link>
    <description>Recent content in Company News on Airspace | Creative Agency Hugo Template</description>
    <generator>Hugo -- gohugo.io</generator>
    <language>it-IT</language>
    <lastBuildDate>Mon, 24 Sep 2018 11:07:10 +0600</lastBuildDate><atom:link href="/it/categories/company-news/index.xml" rel="self" type="application/rss+xml" />
    <item>
      <title>How To Wear Bright Shoes</title>
      <link>/it/blog/blog-post-1/</link>
      <pubDate>Mon, 24 Sep 2018 11:07:10 +0600</pubDate>
      
      <guid>/it/blog/blog-post-1/</guid>
      <description>Lorem ipsum dolor sit amet, consectetur adipisicing elit. Velit vitae placeat ad architecto nostrum asperiores vel aperiam, veniam eum nulla.</description>
    </item>
    
    <item>
      <title>How To Wear Bright Shoes</title>
      <link>/it/blog/blog-post-6/</link>
      <pubDate>Mon, 24 Sep 2018 11:07:10 +0600</pubDate>
      
      <guid>/it/blog/blog-post-6/</guid>
      <description>Lorem ipsum dolor sit amet, consectetur adipisicing elit. Velit vitae placeat ad architecto nostrum asperiores vel aperiam, veniam eum nulla.</description>
    </item>
    
  </channel>
</rss>
