<?xml version="1.0" encoding="utf-8" standalone="yes"?>
<rss version="2.0" xmlns:atom="http://www.w3.org/2005/Atom">
  <channel>
    <title>How to on Airspace | Creative Agency Hugo Template</title>
    <link>/tags/how-to/</link>
    <description>Recent content in How to on Airspace | Creative Agency Hugo Template</description>
    <generator>Hugo -- gohugo.io</generator>
    <language>en-US</language>
    <lastBuildDate>Thu, 01 Apr 2021 00:00:00 +0100</lastBuildDate><atom:link href="/tags/how-to/index.xml" rel="self" type="application/rss+xml" />
    <item>
      <title>Pretty-print dates</title>
      <link>/blog/date-i18n/</link>
      <pubDate>Thu, 01 Apr 2021 00:00:00 +0100</pubDate>
      
      <guid>/blog/date-i18n/</guid>
      <description>To write out an ISO 8601 timestamp in the current language, you can use the date_l10n shortcode:</description>
    </item>
    
  </channel>
</rss>
