<?xml version="1.0" encoding="utf-8" standalone="yes"?>
<rss version="2.0" xmlns:atom="http://www.w3.org/2005/Atom">
  <channel>
    <title>Terms &amp; Conditions on Vex | hugo landing page template</title>
    <link>/fr/terms-conditions/</link>
    <description>Recent content in Terms &amp; Conditions on Vex | hugo landing page template</description>
    <generator>Hugo -- gohugo.io</generator>
    <language>fr-fr</language>
    <copyright>Designed By [Themefisher](https://themefisher.com/) &amp; Developed By [Gethugothemes](https://gethugothemes.com/)</copyright><atom:link href="/fr/terms-conditions/index.xml" rel="self" type="application/rss+xml" />
  </channel>
</rss>
