<?xml version="1.0" encoding="utf-8" standalone="yes"?>
<rss version="2.0" xmlns:atom="http://www.w3.org/2005/Atom">
  <channel>
    <title>Technical Assistance on Airspace | Creative Agency Hugo Template</title>
    <link>/it/categories/technical-assistance/</link>
    <description>Recent content in Technical Assistance on Airspace | Creative Agency Hugo Template</description>
    <generator>Hugo -- gohugo.io</generator>
    <language>it-IT</language>
    <lastBuildDate>Thu, 01 Apr 2021 00:00:00 +0100</lastBuildDate><atom:link href="/it/categories/technical-assistance/index.xml" rel="self" type="application/rss+xml" />
    <item>
      <title>Pretty-print dates</title>
      <link>/it/blog/date-i18n/</link>
      <pubDate>Thu, 01 Apr 2021 00:00:00 +0100</pubDate>
      
      <guid>/it/blog/date-i18n/</guid>
      <description>Per scrivere un timestamp ISO 8601 nella lingua corrente, puoi usare lo shortcode date_l10n :</description>
    </item>
    
  </channel>
</rss>
