<?xml version="1.0" encoding="utf-8" standalone="yes"?>
<rss version="2.0" xmlns:atom="http://www.w3.org/2005/Atom">
  <channel>
    <title>Android on Airspace | Creative Agency Hugo Template</title>
    <link>/fr/tags/android/</link>
    <description>Recent content in Android on Airspace | Creative Agency Hugo Template</description>
    <generator>Hugo -- gohugo.io</generator>
    <language>fr-FR</language>
    <lastBuildDate>Mon, 24 Sep 2018 11:07:10 +0600</lastBuildDate><atom:link href="/fr/tags/android/index.xml" rel="self" type="application/rss+xml" />
    <item>
      <title>How To Wear Bright Shoes</title>
      <link>/fr/blog/blog-post-3/</link>
      <pubDate>Mon, 24 Sep 2018 11:07:10 +0600</pubDate>
      
      <guid>/fr/blog/blog-post-3/</guid>
      <description>Lorem ipsum dolor sit amet, consectetur adipisicing elit. Velit vitae placeat ad architecto nostrum asperiores vel aperiam, veniam eum nulla.</description>
    </item>
    
  </channel>
</rss>
