<?xml version="1.0" encoding="utf-8" standalone="yes"?>
<rss version="2.0" xmlns:atom="http://www.w3.org/2005/Atom">
  <channel>
    <title>Technology on Airspace | Creative Agency Hugo Template</title>
    <link>/fr/tags/technology/</link>
    <description>Recent content in Technology on Airspace | Creative Agency Hugo Template</description>
    <generator>Hugo -- gohugo.io</generator>
    <language>fr-FR</language>
    <lastBuildDate>Thu, 01 Apr 2021 00:00:00 +0100</lastBuildDate><atom:link href="/fr/tags/technology/index.xml" rel="self" type="application/rss+xml" />
    <item>
      <title>Pretty-print dates</title>
      <link>/fr/blog/date-i18n/</link>
      <pubDate>Thu, 01 Apr 2021 00:00:00 +0100</pubDate>
      
      <guid>/fr/blog/date-i18n/</guid>
      <description>Pour écrire un horodatage ISO 8601 dans la langue courante, vous pouvez utiliser le shortcode date_l10n :</description>
    </item>
    
    <item>
      <title>How To Wear Bright Shoes</title>
      <link>/fr/blog/blog-post-1/</link>
      <pubDate>Mon, 24 Sep 2018 11:07:10 +0600</pubDate>
      
      <guid>/fr/blog/blog-post-1/</guid>
      <description>Lorem ipsum dolor sit amet, consectetur adipisicing elit. Velit vitae placeat ad architecto nostrum asperiores vel aperiam, veniam eum nulla.</description>
    </item>
    
  </channel>
</rss>
