<?xml version="1.0" encoding="utf-8" standalone="yes"?>
<rss version="2.0" xmlns:atom="http://www.w3.org/2005/Atom">
  <channel>
    <title>Our Project on Airspace | Creative Agency Hugo Template</title>
    <link>/it/project/</link>
    <description>Recent content in Our Project on Airspace | Creative Agency Hugo Template</description>
    <generator>Hugo -- gohugo.io</generator>
    <language>it-IT</language><atom:link href="/it/project/index.xml" rel="self" type="application/rss+xml" />
    <item>
      <title>Rio Furniture</title>
      <link>/it/project/rio-furniture-1/</link>
      <pubDate>Mon, 01 Jan 0001 00:00:00 +0000</pubDate>
      
      <guid>/it/project/rio-furniture-1/</guid>
      <description>Behance Website Redesign Lorem ipsum dolor sit amet, consectetur adipisicing elit.</description>
    </item>
    
    <item>
      <title>Rio Furniture</title>
      <link>/it/project/rio-furniture-2/</link>
      <pubDate>Mon, 01 Jan 0001 00:00:00 +0000</pubDate>
      
      <guid>/it/project/rio-furniture-2/</guid>
      <description>Behance Website Redesign Lorem ipsum dolor sit amet, consectetur adipisicing elit.</description>
    </item>
    
    <item>
      <title>Rio Furniture</title>
      <link>/it/project/rio-furniture-3/</link>
      <pubDate>Mon, 01 Jan 0001 00:00:00 +0000</pubDate>
      
      <guid>/it/project/rio-furniture-3/</guid>
      <description>Behance Website Redesign Lorem ipsum dolor sit amet, consectetur adipisicing elit.</description>
    </item>
    
    <item>
      <title>Rio Furniture</title>
      <link>/it/project/rio-furniture-4/</link>
      <pubDate>Mon, 01 Jan 0001 00:00:00 +0000</pubDate>
      
      <guid>/it/project/rio-furniture-4/</guid>
      <description>Behance Website Redesign Lorem ipsum dolor sit amet, consectetur adipisicing elit.</description>
    </item>
    
    <item>
      <title>Rio Furniture</title>
      <link>/it/project/rio-furniture-5/</link>
      <pubDate>Mon, 01 Jan 0001 00:00:00 +0000</pubDate>
      
      <guid>/it/project/rio-furniture-5/</guid>
      <description>Behance Website Redesign Lorem ipsum dolor sit amet, consectetur adipisicing elit.</description>
    </item>
    
    <item>
      <title>Rio Furniture</title>
      <link>/it/project/rio-furniture-6/</link>
      <pubDate>Mon, 01 Jan 0001 00:00:00 +0000</pubDate>
      
      <guid>/it/project/rio-furniture-6/</guid>
      <description>Behance Website Redesign Lorem ipsum dolor sit amet, consectetur adipisicing elit.</description>
    </item>
    
  </channel>
</rss>
