<?xml version="1.0" encoding="utf-8" standalone="yes"?>
<rss version="2.0" xmlns:atom="http://www.w3.org/2005/Atom">
  <channel>
    <title>Authors on Airspace | Creative Agency Hugo Template</title>
    <link>/author/</link>
    <description>Recent content in Authors on Airspace | Creative Agency Hugo Template</description>
    <generator>Hugo -- gohugo.io</generator>
    <language>en-US</language><atom:link href="/author/index.xml" rel="self" type="application/rss+xml" />
    <item>
      <title>John Doe</title>
      <link>/author/john-doe/</link>
      <pubDate>Mon, 01 Jan 0001 00:00:00 +0000</pubDate>
      
      <guid>/author/john-doe/</guid>
      <description>Lorem ipsum dolor sit amet, consectetur adipiscing elit. Proin sit amet vulputate augue.</description>
    </item>
    
    <item>
      <title>Mark Dinn</title>
      <link>/author/mark-dinn/</link>
      <pubDate>Mon, 01 Jan 0001 00:00:00 +0000</pubDate>
      
      <guid>/author/mark-dinn/</guid>
      <description>Lorem ipsum dolor sit amet, consectetur adipiscing elit. Proin sit amet vulputate augue.</description>
    </item>
    
  </channel>
</rss>
