<?xml version="1.0" encoding="utf-8" standalone="yes"?>
<rss version="2.0" xmlns:atom="http://www.w3.org/2005/Atom">
  <channel>
    <title>Tags on Airspace | Creative Agency Hugo Template</title>
    <link>/fr/tags/</link>
    <description>Recent content in Tags on Airspace | Creative Agency Hugo Template</description>
    <generator>Hugo -- gohugo.io</generator>
    <language>fr-FR</language>
    <lastBuildDate>Thu, 01 Apr 2021 00:00:00 +0100</lastBuildDate><atom:link href="/fr/tags/index.xml" rel="self" type="application/rss+xml" />
    <item>
      <title>How to</title>
      <link>/fr/tags/how-to/</link>
      <pubDate>Thu, 01 Apr 2021 00:00:00 +0100</pubDate>
      
      <guid>/fr/tags/how-to/</guid>
      <description></description>
    </item>
    
    <item>
      <title>Technology</title>
      <link>/fr/tags/technology/</link>
      <pubDate>Thu, 01 Apr 2021 00:00:00 +0100</pubDate>
      
      <guid>/fr/tags/technology/</guid>
      <description></description>
    </item>
    
    <item>
      <title>Advice</title>
      <link>/fr/tags/advice/</link>
      <pubDate>Mon, 24 Sep 2018 11:07:10 +0600</pubDate>
      
      <guid>/fr/tags/advice/</guid>
      <description></description>
    </item>
    
    <item>
      <title>AI</title>
      <link>/fr/tags/ai/</link>
      <pubDate>Mon, 24 Sep 2018 11:07:10 +0600</pubDate>
      
      <guid>/fr/tags/ai/</guid>
      <description></description>
    </item>
    
    <item>
      <title>Android</title>
      <link>/fr/tags/android/</link>
      <pubDate>Mon, 24 Sep 2018 11:07:10 +0600</pubDate>
      
      <guid>/fr/tags/android/</guid>
      <description></description>
    </item>
    
    <item>
      <title>Company</title>
      <link>/fr/tags/company/</link>
      <pubDate>Mon, 24 Sep 2018 11:07:10 +0600</pubDate>
      
      <guid>/fr/tags/company/</guid>
      <description></description>
    </item>
    
    <item>
      <title>Mechine</title>
      <link>/fr/tags/mechine/</link>
      <pubDate>Mon, 24 Sep 2018 11:07:10 +0600</pubDate>
      
      <guid>/fr/tags/mechine/</guid>
      <description></description>
    </item>
    
    <item>
      <title>News</title>
      <link>/fr/tags/news/</link>
      <pubDate>Mon, 24 Sep 2018 11:07:10 +0600</pubDate>
      
      <guid>/fr/tags/news/</guid>
      <description></description>
    </item>
    
    <item>
      <title>Retro</title>
      <link>/fr/tags/retro/</link>
      <pubDate>Mon, 24 Sep 2018 11:07:10 +0600</pubDate>
      
      <guid>/fr/tags/retro/</guid>
      <description></description>
    </item>
    
  </channel>
</rss>
